keys,ar_EG
PREP_TEA_KOSHARI,شاي كشري
PREP_COFFEE_TURKISH,قهوة تركي
PREP_KARKADE_HOT,كركديه سخن
PREP_KARKADE_COLD,كركديه ساقع
PREP_MANGO,عصير مانجا
PREP_ORDER_TITLE,الطلب
PREP_WAITING,"استنى... لسه بيسخن"
PREP_WOSH_RISING,"✓ الوش جاي! اضغط"
PREP_TOO_HOT,"⚠ درجة حرارة عالية!"
PREP_BURNT,"✗ فار واتحرق!"
PREP_PERFECT,"✓ مظبوط! تسلم إيدك"
PREP_LUKEWARM,"⚠ دافي شوية"
PREP_BLEND_HOLD,"الخلاط شغال... دوس باستمرار عشان تسرّعه"
PREP_BLEND_OVERHEAT,"✗ الموتور سخن وفصل... استنى لما يبرد"
PREP_BLEND_DONE,"✓ العصير جاهز"
PREP_BLEND_TURBO,"⚡ تيربو!"
PREP_BLEND_WARM,"⚠ الموتور بيسخن... سيبه شوية"
PREP_BLEND_TOO_HOT,"⚠ سيبه! الموتور هيولع"
RESULT_SUCCESS,"✓ مظبوط! 🎉"
RESULT_OK,"✓ ماشي الحال"
RESULT_FAIL,"✗ حرقت! 🔥"
RESULT_TIPS,"بقشيش: {amount} ج.م"
UI_TAP_TO_STOP,"[اضغط للإيقاف]"
UI_HOLD_TO_BLEND,"[دوس باستمرار للتيربو]"
UI_RETURNING,"عودة للشارع..."
UI_GO_HOME,"🏠 روّح"
UI_DAY_OVER,"اليوم {day} خلص\nكسبت {amount} ج.م\n\nيوم جديد..."
UI_TAP_TRUNK,"اضغط على شنطة فيفي عشان تحضّر الطلب"
UI_WALLET,"الفلوس: {amount} ج.م"
UI_DAY,"اليوم {day}"
UI_CURRENCY,ج.م
ING_TEA,شاي
ING_COFFEE,بن
ING_KARKADE,كركديه
ING_MANGO,مانجا
ING_ICE,تلج
TOOL_STOVE,الكنكة
TOOL_BLENDER,الخلاط
PREP_PICK_INGREDIENTS,"اختار المكونات"
PREP_PICK_TOOL,"هتعمله على إيه؟"
PREP_WRONG_PICK,"✗ لأ، مش ده!"
TUT_SAYED,سيد
TUT_SKIP,"تخطّي الشرح ✕"
TUT_TAP_CONTINUE,"اضغط في أي حتة عشان تكمّل"
TUT_WELCOME,"أهلاً يا معلم! أنا سيد، ودي فيفي... عربيتي وقهوتي في نفس الوقت. تعالى أوريك الشغل."
TUT_HUD,"هنا رقم اليوم، والساعة، والفلوس اللي في جيبك."
TUT_GO_HOME,"لما تتعب دوس روّح. اليوم يقفل وتشوف كسبت كام، وبكرة يوم جديد."
TUT_TAP_TRUNK,"جالك زبون! اضغط على شنطة فيفي عشان تحضّر الطلب."
TUT_ORDER,"ده الطلب: {order}. يلا نحضّره!"
TUT_PICK_INGREDIENTS,"الأول اختار المكونات من الصينية. {order} محتاج {item}."
TUT_PICK_MORE,"و{item} كمان!"
TUT_PICK_TOOL_STOVE,"دلوقتي العدة: ده بيتعمل في الكنكة على النار."
TUT_PICK_TOOL_BLENDER,"دلوقتي العدة: ده بيتعمل في الخلاط."
TUT_HOT_GAUGE,"الكنكة هتسخن لوحدها. استنى لما الوش يطلع والمؤشر يدخل في الأخضر... ساعتها اضغط!"
TUT_HOT_WARN,"بس متسيبهاش كتير، هتفور وتتحرق والزبون يمشي زعلان."
TUT_COLD_GAUGE,"الخلاط بيشتغل لوحده. دوس عليه باستمرار عشان التيربو يخلّص أسرع."
TUT_COLD_WARN,"وخلي عينك على عداد الموتور: لو فضل في الأحمر هيفصل ويستنى يبرد."
TUT_FIRST_TIPS,"تسلم إيدك! البقشيش بيروح في جيبك، وكل ما تظبط أكتر وتختار صح من غير غلط، الزبون يدّيك أكتر."
